{
    "avg_prec": 0.5963869765862415,
    "roc_auc": 0.9659959519446766
}